{
	"width": 800,
	"height": 600,

	"scene":
	{
		"camera":
		{
			"w_s": 0.036,
			"f": 0.024,
			"eye": [0, 0.18, 0.23],
			"lookat": [-0.023, 0.1, 0],
			"up": [0, 1, 0]
		},

		"lights": [
			{ "p": [-8, 10, 12], "color": [0.5, 0.5, 0.5]},
			{ "p": [8, 5, 12], "color": [0.13, 0.13, 0.13]}
		],
		
		"spotlights":
		[
			{ "p": [0.0, 1.07, 1.0], "color": [1, 0, 0], "dir": [0, -0.70711, -0.70711], "angle": 0.073 },
			{ "p": [0.02, 1.027, 1.0], "color": [0, 1, 0], "dir": [0, -0.70711, -0.70711], "angle": 0.052 },
			{ "p": [0.16, 0.35, 0], "color": [0, 0.34, 0.34], "dir": [-0.8, -0.6, 0], "angle": 0.752 }
		],

		"objects":
		[
			{ "type": "obj", "file": "bunny.obj" }
		]
	}
}
